Number One,Number Two,Their GCD,Time Spent (Milliseconds)
 869       , 473       , 11       , 0.003                    
 572       , 712       , 4        , 0.002                    
 864       , 626       , 2        , 0.001                    
 363       , 349       , 1        , 0.002                    
 375       , 579       , 3        , 0.001                    
 196       , 331       , 1        , 0.001                    
 573       , 608       , 1        , 0.001                    
 869       , 400       , 1        , 0.001                    
 999       , 268       , 1        , 0.002                    
 257       , 991       , 1        , 0.001                    
 664       , 491       , 1        , 0.001                    
 177       , 569       , 1        , 0.001                    
 816       , 74        , 2        , 0.001                    
 617       , 980       , 1        , 0.001                    
 522       , 674       , 2        , 0.001                    
 214       , 255       , 1        , 0.001                    
 780       , 422       , 2        , 0.001                    
 169       , 159       , 1        , 0.001                    
 571       , 136       , 1        , 0.001                    
 933       , 558       , 3        , 0.0                      
 553       , 146       , 1        , 0.001                    
 727       , 423       , 1        , 0.001                    
 727       , 301       , 1        , 0.001                    
 521       , 80        , 1        , 0.001                    
 832       , 587       , 1        , 0.001                    
 449       , 190       , 1        , 0.001                    
 182       , 29        , 1        , 0.001                    
 827       , 557       , 1        , 0.002                    
 657       , 493       , 1        , 0.001                    
 634       , 935       , 1        , 0.0                      
 576       , 52        , 4        , 0.001                    
 248       , 896       , 8        , 0.001                    
 655       , 104       , 1        , 0.001                    
 218       , 617       , 1        , 0.001                    
 342       , 675       , 9        , 0.001                    
 79        , 96        , 1        , 0.0                      
 940       , 389       , 1        , 0.001                    
 67        , 572       , 1        , 0.002                    
 633       , 875       , 1        , 0.001                    
 51        , 658       , 1        , 0.001                    
 420       , 526       , 2        , 0.0                      
 660       , 867       , 3        , 0.001                    
 180       , 673       , 1        , 0.001                    
 835       , 611       , 1        , 0.001                    
 572       , 955       , 1        , 0.0                      
 608       , 466       , 2        , 0.001                    
 779       , 105       , 1        , 0.001                    
 969       , 28        , 1        , 0.001                    
 731       , 632       , 1        , 0.001                    
 482       , 172       , 2        , 0.0                      
 923       , 997       , 1        , 0.001                    
 859       , 114       , 1        , 0.001                    
 302       , 783       , 1        , 0.001                    
 369       , 289       , 1        , 0.001                    
 584       , 113       , 1        , 0.001                    
 250       , 330       , 10       , 0.001                    
 504       , 248       , 8        , 0.001                    
 337       , 190       , 1        , 0.001                    
 728       , 636       , 4        , 0.001                    
 43        , 229       , 1        , 0.0                      
 889       , 791       , 7        , 0.001                    
 215       , 910       , 5        , 0.001                    
 675       , 843       , 3        , 0.0                      
 422       , 10        , 2        , 0.001                    
 811       , 536       , 1        , 0.001                    
 132       , 353       , 1        , 0.001                    
 139       , 2         , 1        , 0.001                    
 691       , 434       , 1        , 0.001                    
 533       , 662       , 1        , 0.001                    
 990       , 546       , 6        , 0.001                    
 787       , 759       , 1        , 0.001                    
 430       , 617       , 1        , 0.001                    
 955       , 76        , 1        , 0.001                    
 191       , 585       , 1        , 0.001                    
 819       , 820       , 1        , 0.0                      
 626       , 405       , 1        , 0.001                    
 459       , 198       , 9        , 0.001                    
 651       , 84        , 21       , 0.0                      
 77        , 618       , 1        , 0.001                    
 803       , 248       , 1        , 0.001                    
 377       , 563       , 1        , 0.001                    
 320       , 997       , 1        , 0.001                    
 30        , 164       , 2        , 0.001                    
 933       , 589       , 1        , 0.001                    
 792       , 466       , 2        , 0.001                    
 368       , 676       , 4        , 0.001                    
 206       , 831       , 1        , 0.0                      
 939       , 767       , 1        , 0.001                    
 310       , 78        , 2        , 0.001                    
 866       , 525       , 1        , 0.001                    
 464       , 307       , 1        , 0.001                    
 275       , 203       , 1        , 0.001                    
 235       , 843       , 1        , 0.001                    
 500       , 163       , 1        , 0.002                    
 154       , 77        , 77       , 0.001                    
 308       , 76        , 4        , 0.0                      
 765       , 596       , 1        , 0.001                    
 686       , 904       , 2        , 0.001                    
 978       , 963       , 3        , 0.001                    
 610       , 238       , 2        , 0.0                      
 767       , 776       , 1        , 0.001                    
 601       , 704       , 1        , 0.001                    
 530       , 687       , 1        , 0.001                    
 569       , 346       , 1        , 0.0                      
 9         , 505       , 1        , 0.001                    
 363       , 871       , 1        , 0.001                    
 25        , 755       , 5        , 0.014                    
 196       , 931       , 49       , 0.001                    
 78        , 731       , 1        , 0.001                    
 385       , 139       , 1        , 0.001                    
 208       , 24        , 8        , 0.001                    
 509       , 488       , 1        , 0.001                    
 902       , 194       , 2        , 0.001                    
 670       , 822       , 2        , 0.001                    
 17        , 977       , 1        , 0.001                    
 114       , 941       , 1        , 0.001                    
 680       , 92        , 4        , 0.001                    
 123       , 464       , 1        , 0.001                    
 490       , 663       , 1        , 0.001                    
 186       , 173       , 1        , 0.001                    
 282       , 956       , 2        , 0.001                    
 822       , 149       , 1        , 0.0                      
 541       , 681       , 1        , 0.001                    
 331       , 354       , 1        , 0.001                    
 456       , 415       , 1        , 0.001                    
 638       , 987       , 1        , 0.001                    
 417       , 824       , 1        , 0.001                    
 489       , 376       , 1        , 0.0                      
 388       , 591       , 1        , 0.001                    
 477       , 938       , 1        , 0.001                    
 323       , 336       , 1        , 0.001                    
 979       , 212       , 1        , 0.001                    
 517       , 148       , 1        , 0.001                    
 443       , 117       , 1        , 0.001                    
 273       , 583       , 1        , 0.001                    
 602       , 494       , 2        , 0.001                    
 820       , 731       , 1        , 0.001                    
 887       , 863       , 1        , 0.001                    
 818       , 210       , 2        , 0.001                    
 949       , 674       , 1        , 0.001                    
 675       , 985       , 5        , 0.002                    
 965       , 313       , 1        , 0.001                    
 510       , 332       , 2        , 0.001                    
 358       , 912       , 2        , 0.001                    
 24        , 845       , 1        , 0.001                    
 144       , 575       , 1        , 0.0                      
 663       , 743       , 1        , 0.001                    
 530       , 67        , 1        , 0.001                    
 979       , 995       , 1        , 0.001                    
 695       , 52        , 1        , 0.0                      
 766       , 566       , 2        , 0.001                    
 159       , 235       , 1        , 0.001                    
 53        , 593       , 1        , 0.001                    
 105       , 813       , 3        , 0.001                    
 635       , 502       , 1        , 0.001                    
 818       , 8         , 2        , 0.0                      
 268       , 966       , 2        , 0.001                    
 791       , 504       , 7        , 0.001                    
 589       , 699       , 1        , 0.001                    
 272       , 673       , 1        , 0.001                    
 640       , 648       , 8        , 0.0                      
 149       , 290       , 1        , 0.001                    
 308       , 964       , 4        , 0.001                    
 805       , 472       , 1        , 0.0                      
 661       , 33        , 1        , 0.001                    
 929       , 39        , 1        , 0.002                    
 494       , 124       , 2        , 0.001                    
 214       , 380       , 2        , 0.001                    
 180       , 600       , 60       , 0.001                    
 47        , 912       , 1        , 0.001                    
 122       , 367       , 1        , 0.001                    
 171       , 66        , 3        , 0.001                    
 209       , 21        , 1        , 0.0                      
 571       , 479       , 1        , 0.001                    
 86        , 311       , 1        , 0.001                    
 869       , 261       , 1        , 0.001                    
 565       , 945       , 5        , 0.001                    
 274       , 854       , 2        , 0.001                    
 247       , 115       , 1        , 0.002                    
 931       , 682       , 1        , 0.001                    
 2         , 158       , 2        , 0.0                      
 294       , 95        , 1        , 0.001                    
 936       , 152       , 8        , 0.001                    
 635       , 115       , 5        , 0.001                    
 371       , 862       , 1        , 0.0                      
 946       , 511       , 1        , 0.001                    
 391       , 94        , 1        , 0.001                    
 446       , 875       , 1        , 0.001                    
 601       , 171       , 1        , 0.001                    
 623       , 351       , 1        , 0.001                    
 442       , 389       , 1        , 0.001                    
 334       , 308       , 2        , 0.0                      
 85        , 588       , 1        , 0.001                    
 760       , 786       , 2        , 0.001                    
 361       , 774       , 1        , 0.001                    
 570       , 674       , 2        , 0.0                      
 589       , 660       , 1        , 0.001                    
 267       , 574       , 1        , 0.001                    
 227       , 366       , 1        , 0.001                    
 840       , 754       , 2        , 0.001                    
 224       , 363       , 1        , 0.001                    
 398       , 964       , 2        , 0.001                    
 343       , 128       , 1        , 0.001                    
 800       , 245       , 5        , 0.001                    
 374       , 269       , 1        , 0.001                    
 521       , 332       , 1        , 0.001                    
 983       , 838       , 1        , 0.001                    
 382       , 443       , 1        , 0.001                    
 74        , 901       , 1        , 0.001                    
 749       , 716       , 1        , 0.001                    
 765       , 853       , 1        , 0.001                    
 757       , 719       , 1        , 0.001                    
 545       , 817       , 1        , 0.001                    
 430       , 429       , 1        , 0.0                      
 311       , 528       , 1        , 0.001                    
 771       , 599       , 1        , 0.001                    
 43        , 217       , 1        , 0.001                    
 316       , 827       , 1        , 0.001                    
 311       , 844       , 1        , 0.001                    
 833       , 694       , 1        , 0.001                    
 688       , 431       , 1        , 0.001                    
 486       , 521       , 1        , 0.001                    
 218       , 755       , 1        , 0.001                    
 405       , 418       , 1        , 0.001                    
 17        , 890       , 1        , 0.0                      
 744       , 509       , 1        , 0.001                    
 847       , 206       , 1        , 0.001                    
 208       , 235       , 1        , 0.001                    
 74        , 751       , 1        , 0.0                      
 756       , 491       , 1        , 0.001                    
 754       , 230       , 2        , 0.001                    
 54        , 543       , 3        , 0.001                    
 856       , 556       , 4        , 0.0                      
 803       , 80        , 1        , 0.001                    
 510       , 200       , 10       , 0.001                    
 94        , 286       , 2        , 0.0                      
 50        , 61        , 1        , 0.001                    
 956       , 445       , 1        , 0.001                    
 605       , 146       , 1        , 0.001                    
 997       , 52        , 1        , 0.001                    
 805       , 275       , 5        , 0.001                    
 734       , 404       , 2        , 0.001                    
 615       , 468       , 3        , 0.001                    
 416       , 38        , 2        , 0.001                    
 273       , 580       , 1        , 0.001                    
 541       , 155       , 1        , 0.001                    
 434       , 366       , 2        , 0.001                    
 584       , 208       , 8        , 0.001                    
 492       , 258       , 6        , 0.001                    
 674       , 105       , 1        , 0.001                    
 264       , 115       , 1        , 0.001                    
 143       , 607       , 1        , 0.001                    
 176       , 158       , 2        , 0.001                    
 538       , 35        , 1        , 0.001                    
 253       , 616       , 11       , 0.0                      
 226       , 494       , 2        , 0.001                    
 648       , 954       , 18       , 0.001                    
 102       , 638       , 2        , 0.001                    
 876       , 805       , 1        , 0.001                    
 302       , 809       , 1        , 0.001                    
 342       , 498       , 6        , 0.0                      
 825       , 212       , 1        , 0.001                    
 426       , 154       , 2        , 0.001                    
 300       , 373       , 1        , 0.002                    
 971       , 248       , 1        , 0.001                    
 757       , 649       , 1        , 0.0                      
 823       , 169       , 1        , 0.001                    
 852       , 158       , 2        , 0.001                    
 14        , 810       , 2        , 0.001                    
 53        , 567       , 1        , 0.001                    
 810       , 856       , 2        , 0.0                      
 853       , 659       , 1        , 0.001                    
 784       , 197       , 1        , 0.001                    
 595       , 976       , 1        , 0.001                    
 908       , 973       , 1        , 0.001                    
 12        , 627       , 3        , 0.0                      
 879       , 772       , 1        , 0.001                    
 544       , 44        , 4        , 0.001                    
 324       , 698       , 2        , 0.0                      
 265       , 872       , 1        , 0.001                    
 829       , 585       , 1        , 0.001                    
 525       , 681       , 3        , 0.001                    
 924       , 464       , 4        , 0.001                    
 927       , 426       , 3        , 0.001                    
 42        , 386       , 2        , 0.001                    
 10        , 882       , 2        , 0.001                    
 271       , 560       , 1        , 0.0                      
 263       , 258       , 1        , 0.001                    
 50        , 275       , 25       , 0.001                    
 103       , 237       , 1        , 0.0                      
 628       , 138       , 2        , 0.002                    
 420       , 939       , 3        , 0.001                    
 527       , 398       , 1        , 0.001                    
 551       , 372       , 1        , 0.001                    
 470       , 369       , 1        , 0.001                    
 882       , 348       , 6        , 0.001                    
 484       , 516       , 4        , 0.001                    
 502       , 760       , 2        , 0.001                    
 967       , 788       , 1        , 0.001                    
 121       , 165       , 11       , 0.001                    
 267       , 903       , 3        , 0.001                    
 815       , 9         , 1        , 0.001                    
 915       , 168       , 3        , 0.001                    
 277       , 938       , 1        , 0.001                    
 984       , 63        , 3        , 0.001                    
 841       , 567       , 1        , 0.001                    
 131       , 262       , 131      , 0.0                      
 495       , 326       , 1        , 0.001                    
 731       , 316       , 1        , 0.001                    
 23        , 254       , 1        , 0.0                      
 575       , 715       , 5        , 0.001                    
 716       , 711       , 1        , 0.001                    
 652       , 509       , 1        , 0.001                    
 124       , 35        , 1        , 0.001                    
 161       , 126       , 7        , 0.001                    
 284       , 277       , 1        , 0.001                    
 264       , 219       , 3        , 0.001                    
 671       , 539       , 11       , 0.0                      
 931       , 516       , 1        , 0.001                    
 714       , 313       , 1        , 0.001                    
 87        , 60        , 3        , 0.001                    
 486       , 580       , 2        , 0.0                      
 123       , 343       , 1        , 0.001                    
 50        , 471       , 1        , 0.001                    
 93        , 610       , 1        , 0.001                    
 92        , 441       , 1        , 0.001                    
 901       , 348       , 1        , 0.001                    
 479       , 290       , 1        , 0.0                      
 109       , 12        , 1        , 0.001                    
 351       , 202       , 1        , 0.001                    
 550       , 776       , 2        , 0.001                    
 219       , 68        , 1        , 0.001                    
 418       , 662       , 2        , 0.0                      
 380       , 875       , 5        , 0.001                    
 329       , 10        , 1        , 0.001                    
 909       , 488       , 1        , 0.001                    
 520       , 132       , 4        , 0.001                    
 952       , 505       , 1        , 0.001                    
 129       , 990       , 3        , 0.001                    
 386       , 665       , 1        , 0.001                    
 828       , 59        , 1        , 0.001                    
 768       , 662       , 2        , 0.0                      
 37        , 88        , 1        , 0.001                    
 38        , 898       , 2        , 0.001                    
 872       , 62        , 2        , 0.001                    
 334       , 482       , 2        , 0.0                      
 974       , 7         , 1        , 0.001                    
 21        , 143       , 1        , 0.001                    
 63        , 7         , 7        , 0.002                    
 419       , 232       , 1        , 0.001                    
 275       , 306       , 1        , 0.001                    
 33        , 545       , 1        , 0.0                      
 920       , 579       , 1        , 0.001                    
 610       , 622       , 2        , 0.001                    
 435       , 41        , 1        , 0.001                    
 414       , 542       , 2        , 0.0                      
 167       , 254       , 1        , 0.001                    
 885       , 869       , 1        , 0.001                    
 58        , 956       , 2        , 0.0                      
 27        , 755       , 1        , 0.001                    
 907       , 247       , 1        , 0.001                    
 987       , 976       , 1        , 0.001                    
 707       , 780       , 1        , 0.001                    
 423       , 568       , 1        , 0.0                      
 224       , 351       , 1        , 0.001                    
 678       , 585       , 3        , 0.001                    
 598       , 874       , 46       , 0.001                    
 169       , 247       , 13       , 0.0                      
 553       , 267       , 1        , 0.001                    
 463       , 208       , 1        , 0.001                    
 448       , 53        , 1        , 0.001                    
 502       , 794       , 2        , 0.001                    
 67        , 865       , 1        , 0.0                      
 89        , 95        , 1        , 0.001                    
 879       , 690       , 3        , 0.001                    
 708       , 52        , 4        , 0.001                    
 229       , 676       , 1        , 0.0                      
 348       , 395       , 1        , 0.001                    
 87        , 746       , 1        , 0.001                    
 649       , 528       , 11       , 0.001                    
 132       , 759       , 33       , 0.0                      
 146       , 345       , 1        , 0.001                    
 979       , 668       , 1        , 0.001                    
 281       , 290       , 1        , 0.001                    
 334       , 93        , 1        , 0.0                      
 533       , 849       , 1        , 0.001                    
 710       , 243       , 1        , 0.001                    
 15        , 285       , 15       , 0.001                    
 889       , 977       , 1        , 0.001                    
 699       , 223       , 1        , 0.0                      
 501       , 737       , 1        , 0.001                    
 610       , 733       , 1        , 0.001                    
 79        , 333       , 1        , 0.001                    
 428       , 425       , 1        , 0.0                      
 960       , 535       , 5        , 0.001                    
 85        , 882       , 1        , 0.001                    
 840       , 462       , 42       , 0.001                    
 687       , 809       , 1        , 0.001                    
 204       , 260       , 4        , 0.001                    
 809       , 394       , 1        , 0.001                    
 909       , 643       , 1        , 0.001                    
 646       , 807       , 1        , 0.001                    
 353       , 758       , 1        , 0.0                      
 800       , 583       , 1        , 0.001                    
 310       , 673       , 1        , 0.001                    
 760       , 48        , 8        , 0.001                    
 866       , 181       , 1        , 0.001                    
 474       , 525       , 3        , 0.0                      
 924       , 386       , 2        , 0.001                    
 559       , 172       , 43       , 0.001                    
 743       , 392       , 1        , 0.001                    
 418       , 310       , 2        , 0.001                    
 1         , 336       , 1        , 0.001                    
 489       , 935       , 1        , 0.001                    
 60        , 363       , 3        , 0.0                      
 244       , 55        , 1        , 0.001                    
 755       , 42        , 1        , 0.001                    
 766       , 248       , 2        , 0.001                    
 100       , 243       , 1        , 0.0                      
 214       , 372       , 2        , 0.001                    
 932       , 919       , 1        , 0.001                    
 110       , 748       , 22       , 0.001                    
 672       , 731       , 1        , 0.001                    
 120       , 846       , 6        , 0.001                    
 357       , 259       , 7        , 0.001                    
 347       , 427       , 1        , 0.0                      
 988       , 62        , 2        , 0.001                    
 706       , 827       , 1        , 0.001                    
 486       , 212       , 2        , 0.001                    
 397       , 705       , 1        , 0.001                    
 926       , 909       , 1        , 0.001                    
 886       , 774       , 2        , 0.001                    
 81        , 551       , 1        , 0.001                    
 896       , 712       , 8        , 0.001                    
 547       , 311       , 1        , 0.001                    
 141       , 479       , 1        , 0.001                    
 565       , 534       , 1        , 0.001                    
 495       , 124       , 1        , 0.001                    
 575       , 177       , 1        , 0.0                      
 113       , 803       , 1        , 0.001                    
 373       , 970       , 1        , 0.001                    
 548       , 330       , 2        , 0.0                      
 899       , 154       , 1        , 0.001                    
 601       , 115       , 1        , 0.001                    
 708       , 229       , 1        , 0.001                    
 348       , 164       , 4        , 0.001                    
 698       , 346       , 2        , 0.001                    
 312       , 965       , 1        , 0.001                    
 235       , 997       , 1        , 0.001                    
 531       , 914       , 1        , 0.001                    
 647       , 400       , 1        , 0.001                    
 391       , 920       , 23       , 0.0                      
 625       , 83        , 1        , 0.001                    
 488       , 429       , 1        , 0.001                    
 482       , 523       , 1        , 0.001                    
 434       , 541       , 1        , 0.001                    
 620       , 690       , 10       , 0.001                    
 120       , 778       , 2        , 0.001                    
 463       , 820       , 1        , 0.001                    
 758       , 582       , 2        , 0.001                    
 583       , 286       , 11       , 0.0                      
 769       , 526       , 1        , 0.001                    
 424       , 514       , 2        , 0.001                    
 314       , 935       , 1        , 0.001                    
 179       , 274       , 1        , 0.001                    
 389       , 845       , 1        , 0.001                    
 979       , 570       , 1        , 0.001                    
 944       , 87        , 1        , 0.001                    
 624       , 997       , 1        , 0.001                    
 390       , 306       , 6        , 0.0                      
 35        , 77        , 7        , 0.001                    
 337       , 166       , 1        , 0.001                    
 176       , 575       , 1        , 0.001                    
 184       , 58        , 2        , 0.001                    
 56        , 816       , 8        , 0.001                    
 570       , 871       , 1        , 0.001                    
 683       , 212       , 1        , 0.001                    
 451       , 323       , 1        , 0.001                    
 132       , 494       , 2        , 0.001                    
 898       , 117       , 1        , 0.001                    
 497       , 740       , 1        , 0.001                    
 870       , 366       , 6        , 0.001                    
 682       , 919       , 1        , 0.001                    
 159       , 489       , 3        , 0.0                      
 342       , 797       , 1        , 0.001                    
 593       , 927       , 1        , 0.001                    
 136       , 895       , 1        , 0.001                    
 113       , 446       , 1        , 0.001                    
 614       , 247       , 1        , 0.001                    
 464       , 285       , 1        , 0.001                    
 376       , 334       , 2        , 0.001                    
 278       , 223       , 1        , 0.001                    
 708       , 818       , 2        , 0.0                      
 185       , 388       , 1        , 0.001                    
 812       , 604       , 4        , 0.001                    
 437       , 333       , 1        , 0.001                    
 597       , 717       , 3        , 0.001                    
 464       , 218       , 2        , 0.001                    
 229       , 922       , 1        , 0.001                    
 601       , 699       , 1        , 0.001                    
 116       , 559       , 1        , 0.001                    
 799       , 133       , 1        , 0.0                      
 397       , 185       , 1        , 0.001                    
 4         , 923       , 1        , 0.001                    
 789       , 888       , 3        , 0.001                    
 383       , 869       , 1        , 0.001                    
 930       , 714       , 6        , 0.001                    
 462       , 334       , 2        , 0.001                    
 130       , 725       , 5        , 0.001                    
 540       , 237       , 3        , 0.001                    
 652       , 921       , 1        , 0.001                    
 641       , 245       , 1        , 0.001                    
 920       , 323       , 1        , 0.001                    
 875       , 732       , 1        , 0.001                    
 728       , 358       , 2        , 0.001                    
 754       , 593       , 1        , 0.001                    
 649       , 499       , 1        , 0.001                    
 862       , 72        , 2        , 0.0                      
 95        , 402       , 1        , 0.001                    
 449       , 859       , 1        , 0.001                    
 176       , 902       , 22       , 0.001                    
 806       , 85        , 1        , 0.001                    
 280       , 913       , 1        , 0.001                    
 572       , 561       , 11       , 0.001                    
 761       , 200       , 1        , 0.001                    
 573       , 697       , 1        , 0.001                    
 108       , 704       , 4        , 0.0                      
 603       , 719       , 1        , 0.001                    
 581       , 880       , 1        , 0.001                    
 396       , 779       , 1        , 0.001                    
 537       , 747       , 3        , 0.001                    
 985       , 923       , 1        , 0.001                    
 69        , 101       , 1        , 0.001                    
 461       , 889       , 1        , 0.001                    
 907       , 741       , 1        , 0.001                    
 702       , 284       , 2        , 0.001                    
 128       , 176       , 16       , 0.001                    
 936       , 427       , 1        , 0.001                    
 803       , 713       , 1        , 0.001                    
 5         , 657       , 1        , 0.001                    
 780       , 306       , 6        , 0.001                    
 48        , 824       , 8        , 0.0                      
 762       , 989       , 1        , 0.001                    
 601       , 143       , 1        , 0.001                    
 600       , 305       , 5        , 0.001                    
 506       , 699       , 1        , 0.001                    
 237       , 852       , 3        , 0.001                    
 521       , 598       , 1        , 0.001                    
 365       , 429       , 1        , 0.001                    
 921       , 258       , 3        , 0.001                    
 385       , 730       , 5        , 0.001                    
 234       , 986       , 2        , 0.001                    
 786       , 190       , 2        , 0.001                    
 948       , 714       , 6        , 0.001                    
 792       , 237       , 3        , 0.001                    
 171       , 333       , 9        , 0.0                      
 347       , 688       , 1        , 0.001                    
 859       , 863       , 1        , 0.001                    
 947       , 924       , 1        , 0.001                    
 557       , 603       , 1        , 0.001                    
 655       , 194       , 1        , 0.001                    
 413       , 694       , 1        , 0.001                    
 973       , 788       , 1        , 0.001                    
 565       , 670       , 5        , 0.001                    
 665       , 428       , 1        , 0.001                    
 849       , 254       , 1        , 0.001                    
 676       , 12        , 4        , 0.001                    
 608       , 781       , 1        , 0.001                    
 862       , 29        , 1        , 0.001                    
 371       , 657       , 1        , 0.001                    
 315       , 651       , 21       , 0.0                      
 768       , 923       , 1        , 0.001                    
 340       , 319       , 1        , 0.001                    
 848       , 675       , 1        , 0.001                    
 164       , 537       , 1        , 0.001                    
 995       , 234       , 1        , 0.0                      
 972       , 265       , 1        , 0.001                    
 205       , 516       , 1        , 0.001                    
 251       , 130       , 1        , 0.001                    
 255       , 907       , 1        , 0.001                    
 668       , 56        , 4        , 0.001                    
 907       , 451       , 1        , 0.001                    
 71        , 176       , 1        , 0.001                    
 342       , 281       , 1        , 0.001                    
 550       , 798       , 2        , 0.001                    
 44        , 739       , 1        , 0.0                      
 555       , 809       , 1        , 0.001                    
 704       , 778       , 2        , 0.001                    
 761       , 927       , 1        , 0.001                    
 744       , 370       , 2        , 0.0                      
 17        , 521       , 1        , 0.001                    
 45        , 554       , 1        , 0.001                    
 826       , 212       , 2        , 0.001                    
 639       , 19        , 1        , 0.001                    
 885       , 480       , 15       , 0.001                    
 689       , 605       , 1        , 0.001                    
 791       , 961       , 1        , 0.001                    
 35        , 563       , 1        , 0.001                    
 218       , 212       , 2        , 0.0                      
 965       , 658       , 1        , 0.001                    
 775       , 742       , 1        , 0.001                    
 55        , 907       , 1        , 0.001                    
 532       , 836       , 76       , 0.001                    
 523       , 864       , 1        , 0.001                    
 489       , 863       , 1        , 0.001                    
 249       , 837       , 3        , 0.001                    
 73        , 367       , 1        , 0.001                    
 684       , 554       , 2        , 0.001                    
 108       , 30        , 6        , 0.001                    
 793       , 258       , 1        , 0.001                    
 599       , 894       , 1        , 0.001                    
 405       , 632       , 1        , 0.001                    
 815       , 380       , 5        , 0.0                      
 161       , 734       , 1        , 0.001                    
 389       , 519       , 1        , 0.001                    
 378       , 918       , 54       , 0.0                      
 888       , 300       , 12       , 0.001                    
 203       , 122       , 1        , 0.001                    
 376       , 764       , 4        , 0.002                    
 750       , 951       , 3        , 0.001                    
 364       , 873       , 1        , 0.001                    
 816       , 789       , 3        , 0.001                    
 738       , 606       , 6        , 0.001                    
 173       , 87        , 1        , 0.0                      
 20        , 947       , 1        , 0.001                    
 118       , 529       , 1        , 0.001                    
 885       , 119       , 1        , 0.001                    
 292       , 463       , 1        , 0.001                    
 143       , 458       , 1        , 0.001                    
 558       , 848       , 2        , 0.001                    
 972       , 253       , 1        , 0.001                    
 230       , 570       , 10       , 0.0                      
 677       , 485       , 1        , 0.001                    
 804       , 514       , 2        , 0.001                    
 711       , 62        , 1        , 0.001                    
 814       , 701       , 1        , 0.001                    
 196       , 938       , 14       , 0.001                    
 393       , 601       , 1        , 0.001                    
 430       , 373       , 1        , 0.001                    
 457       , 525       , 1        , 0.001                    
 138       , 802       , 2        , 0.001                    
 51        , 849       , 3        , 0.001                    
 113       , 799       , 1        , 0.0                      
 158       , 520       , 2        , 0.001                    
 772       , 866       , 2        , 0.001                    
 49        , 735       , 49       , 0.0                      
 756       , 135       , 27       , 0.001                    
 90        , 546       , 6        , 0.001                    
 912       , 822       , 6        , 0.0                      
 241       , 207       , 1        , 0.001                    
 507       , 443       , 1        , 0.001                    
 784       , 721       , 7        , 0.001                    
 939       , 917       , 1        , 0.0                      
 543       , 613       , 1        , 0.001                    
 898       , 215       , 1        , 0.001                    
 291       , 127       , 1        , 0.001                    
 844       , 125       , 1        , 0.001                    
 640       , 349       , 1        , 0.0                      
 463       , 581       , 1        , 0.001                    
 526       , 793       , 1        , 0.001                    
 341       , 407       , 11       , 0.001                    
 26        , 280       , 2        , 0.0                      
 365       , 300       , 5        , 0.001                    
 15        , 141       , 3        , 0.001                    
 657       , 386       , 1        , 0.001                    
 803       , 245       , 1        , 0.001                    
 264       , 237       , 3        , 0.0                      
 681       , 589       , 1        , 0.001                    
 235       , 599       , 1        , 0.001                    
 623       , 627       , 1        , 0.001                    
 666       , 983       , 1        , 0.001                    
 895       , 696       , 1        , 0.001                    
 998       , 843       , 1        , 0.001                    
 314       , 854       , 2        , 0.001                    
 465       , 779       , 1        , 0.001                    
 255       , 57        , 3        , 0.001                    
 861       , 95        , 1        , 0.0                      
 109       , 996       , 1        , 0.001                    
 656       , 802       , 2        , 0.001                    
 381       , 479       , 1        , 0.001                    
 156       , 387       , 3        , 0.001                    
 565       , 399       , 1        , 0.001                    
 104       , 339       , 1        , 0.0                      
 74        , 172       , 2        , 0.001                    
 732       , 697       , 1        , 0.001                    
 499       , 725       , 1        , 0.001                    
 607       , 522       , 1        , 0.001                    
 871       , 911       , 1        , 0.0                      
 440       , 106       , 2        , 0.001                    
 692       , 275       , 1        , 0.001                    
 658       , 6         , 2        , 0.001                    
 784       , 56        , 56       , 0.0                      
 290       , 702       , 2        , 0.001                    
 629       , 919       , 1        , 0.001                    
 548       , 759       , 1        , 0.001                    
 391       , 164       , 1        , 0.001                    
 836       , 345       , 1        , 0.001                    
 121       , 421       , 1        , 0.001                    
 657       , 990       , 9        , 0.001                    
 407       , 276       , 1        , 0.001                    
 897       , 178       , 1        , 0.001                    
 109       , 39        , 1        , 0.0                      
 892       , 379       , 1        , 0.001                    
 345       , 390       , 15       , 0.001                    
 992       , 177       , 1        , 0.001                    
 160       , 2         , 2        , 0.0                      
 425       , 485       , 5        , 0.001                    
 140       , 526       , 2        , 0.001                    
 630       , 606       , 6        , 0.0                      
 190       , 798       , 38       , 0.001                    
 879       , 712       , 1        , 0.001                    
 597       , 259       , 1        , 0.001                    
 123       , 982       , 1        , 0.001                    
 664       , 466       , 2        , 0.001                    
 261       , 690       , 3        , 0.0                      
 149       , 654       , 1        , 0.001                    
 482       , 480       , 2        , 0.001                    
 569       , 665       , 1        , 0.001                    
 973       , 242       , 1        , 0.001                    
 372       , 61        , 1        , 0.001                    
 273       , 623       , 7        , 0.001                    
 475       , 39        , 1        , 0.001                    
 843       , 153       , 3        , 0.0                      
 732       , 229       , 1        , 0.001                    
 376       , 617       , 1        , 0.001                    
 416       , 131       , 1        , 0.001                    
 98        , 621       , 1        , 0.0                      
 830       , 948       , 2        , 0.001                    
 209       , 296       , 1        , 0.001                    
 576       , 957       , 3        , 0.001                    
 970       , 528       , 2        , 0.001                    
 934       , 277       , 1        , 0.002                    
 184       , 556       , 4        , 0.0                      
 540       , 733       , 1        , 0.001                    
 880       , 774       , 2        , 0.001                    
 970       , 578       , 2        , 0.001                    
 167       , 935       , 1        , 0.001                    
 685       , 505       , 5        , 0.001                    
 986       , 359       , 1        , 0.001                    
 617       , 777       , 1        , 0.001                    
 409       , 967       , 1        , 0.001                    
 363       , 35        , 1        , 0.0                      
 696       , 620       , 4        , 0.001                    
 975       , 377       , 13       , 0.001                    
 300       , 706       , 2        , 0.001                    
 691       , 169       , 1        , 0.0                      
 693       , 454       , 1        , 0.001                    
 941       , 356       , 1        , 0.001                    
 946       , 704       , 22       , 0.0                      
 859       , 713       , 1        , 0.001                    
 413       , 735       , 7        , 0.001                    
 293       , 130       , 1        , 0.001                    
 672       , 597       , 3        , 0.0                      
 823       , 627       , 1        , 0.001                    
 166       , 19        , 1        , 0.001                    
 723       , 632       , 1        , 0.001                    
 157       , 152       , 1        , 0.0                      
 998       , 582       , 2        , 0.001                    
 343       , 88        , 1        , 0.001                    
 646       , 264       , 2        , 0.001                    
 514       , 711       , 1        , 0.001                    
 455       , 877       , 1        , 0.001                    
 196       , 790       , 2        , 0.001                    
 904       , 889       , 1        , 0.001                    
 634       , 366       , 2        , 0.001                    
 124       , 309       , 1        , 0.0                      
 2         , 764       , 2        , 0.001                    
 198       , 835       , 1        , 0.001                    
 223       , 105       , 1        , 0.0                      
 316       , 681       , 1        , 0.001                    
 913       , 103       , 1        , 0.001                    
 441       , 195       , 3        , 0.001                    
 419       , 37        , 1        , 0.001                    
 506       , 113       , 1        , 0.001                    
 491       , 284       , 1        , 0.001                    
 265       , 626       , 1        , 0.001                    
 151       , 976       , 1        , 0.001                    
 235       , 525       , 5        , 0.001                    
 555       , 729       , 3        , 0.001                    
 247       , 773       , 1        , 0.001                    
 797       , 308       , 1        , 0.001                    
 532       , 556       , 4        , 0.001                    
 353       , 939       , 1        , 0.001                    
 359       , 613       , 1        , 0.001                    
 622       , 759       , 1        , 0.001                    
 721       , 126       , 7        , 0.0                      
 154       , 780       , 2        , 0.001                    
 521       , 544       , 1        , 0.001                    
 689       , 151       , 1        , 0.001                    
 811       , 261       , 1        , 0.001                    
 770       , 710       , 10       , 0.0                      
 322       , 798       , 14       , 0.001                    
 499       , 504       , 1        , 0.0                      
 384       , 734       , 2        , 0.001                    
 974       , 200       , 2        , 0.001                    
 671       , 104       , 1        , 0.001                    
 452       , 176       , 4        , 0.001                    
 496       , 379       , 1        , 0.0                      
 733       , 404       , 1        , 0.001                    
 656       , 266       , 2        , 0.001                    
 963       , 466       , 1        , 0.002                    
 488       , 774       , 2        , 0.001                    
 267       , 21        , 3        , 0.0                      
 168       , 474       , 6        , 0.001                    
 786       , 56        , 2        , 0.001                    
 718       , 118       , 2        , 0.0                      
 946       , 822       , 2        , 0.001                    
 132       , 471       , 3        , 0.001                    
 977       , 543       , 1        , 0.001                    
 178       , 618       , 2        , 0.001                    
 418       , 480       , 2        , 0.001                    
 254       , 499       , 1        , 0.001                    
 129       , 895       , 1        , 0.001                    
 999       , 806       , 1        , 0.001                    
 999       , 706       , 1        , 0.001                    
 958       , 735       , 1        , 0.001                    
 285       , 854       , 1        , 0.0                      
 667       , 945       , 1        , 0.001                    
 446       , 911       , 1        , 0.001                    
 930       , 637       , 1        , 0.001                    
 70        , 873       , 1        , 0.0                      
 906       , 705       , 3        , 0.001                    
 281       , 583       , 1        , 0.001                    
 915       , 778       , 1        , 0.001                    
 840       , 29        , 1        , 0.0                      
 428       , 103       , 1        , 0.001                    
 797       , 745       , 1        , 0.001                    
 833       , 698       , 1        , 0.001                    
 668       , 220       , 4        , 0.0                      
 218       , 431       , 1        , 0.001                    
 189       , 339       , 3        , 0.001                    
 66        , 354       , 6        , 0.001                    
 567       , 431       , 1        , 0.001                    
 407       , 984       , 1        , 0.001                    
 673       , 103       , 1        , 0.001                    
 813       , 228       , 3        , 0.001                    
 502       , 936       , 2        , 0.001                    
 114       , 33        , 3        , 0.0                      
 997       , 747       , 1        , 0.001                    
 560       , 42        , 14       , 0.001                    
 230       , 757       , 1        , 0.001                    
 203       , 463       , 1        , 0.001                    
 618       , 213       , 3        , 0.0                      
 310       , 193       , 1        , 0.001                    
 270       , 295       , 5        , 0.001                    
 790       , 87        , 1        , 0.001                    
 967       , 287       , 1        , 0.0                      
 395       , 890       , 5        , 0.001                    
 958       , 720       , 2        , 0.001                    
 49        , 494       , 1        , 0.0                      
 170       , 938       , 2        , 0.001                    
 737       , 114       , 1        , 0.001                    
 613       , 37        , 1        , 0.001                    
 642       , 969       , 3        , 0.001                    
 626       , 343       , 1        , 0.001                    
 927       , 661       , 1        , 0.0                      
 75        , 196       , 1        , 0.001                    
 735       , 403       , 1        , 0.001                    
 322       , 910       , 14       , 0.002                    
 68        , 917       , 1        , 0.0                      
 29        , 783       , 29       , 0.001                    
 514       , 248       , 2        , 0.001                    
 161       , 741       , 1        , 0.001                    
 949       , 836       , 1        , 0.001                    
 410       , 903       , 1        , 0.001                    
 375       , 397       , 1        , 0.001                    
 422       , 344       , 2        , 0.001                    
 482       , 809       , 1        , 0.001                    
 91        , 574       , 7        , 0.001                    
 374       , 858       , 22       , 0.001                    
 688       , 9         , 1        , 0.0                      
 926       , 568       , 2        , 0.001                    
 26        , 878       , 2        , 0.001                    
 150       , 956       , 2        , 0.001                    
 947       , 864       , 1        , 0.001                    
 894       , 828       , 6        , 0.0                      
 71        , 22        , 1        , 0.001                    
 203       , 844       , 1        , 0.001                    
 51        , 84        , 3        , 0.001                    
 131       , 654       , 1        , 0.001                    
 439       , 105       , 1        , 0.001                    
 572       , 384       , 4        , 0.001                    
 966       , 100       , 2        , 0.001                    
 261       , 425       , 1        , 0.001                    
 436       , 5         , 1        , 0.001                    
 926       , 760       , 2        , 0.001                    
 526       , 841       , 1        , 0.001                    
 961       , 332       , 1        , 0.001                    
 805       , 103       , 1        , 0.001                    
 916       , 394       , 2        , 0.0                      
 285       , 253       , 1        , 0.001                    
 668       , 297       , 1        , 0.001                    
 774       , 670       , 2        , 0.001                    
 431       , 579       , 1        , 0.001                    
 481       , 963       , 1        , 0.001                    
 676       , 792       , 4        , 0.001                    
 520       , 9         , 1        , 0.001                    
 132       , 826       , 2        , 0.0                      
 851       , 351       , 1        , 0.001                    
 18        , 103       , 1        , 0.001                    
 682       , 14        , 2        , 0.001                    
 219       , 818       , 1        , 0.001                    
 279       , 750       , 3        , 0.0                      
 867       , 286       , 1        , 0.001                    
 753       , 888       , 3        , 0.001                    
 356       , 389       , 1        , 0.001                    
 468       , 6         , 6        , 0.001                    
 172       , 50        , 2        , 0.001                    
 331       , 311       , 1        , 0.001                    
 539       , 838       , 1        , 0.001                    
 388       , 399       , 1        , 0.0                      
 26        , 625       , 1        , 0.001                    
 98        , 90        , 2        , 0.001                    
 286       , 867       , 1        , 0.0                      
 96        , 773       , 1        , 0.001                    
 621       , 315       , 9        , 0.001                    
 2         , 85        , 1        , 0.0                      
 269       , 98        , 1        , 0.001                    
 251       , 696       , 1        , 0.001                    
 64        , 47        , 1        , 0.0                      
 600       , 201       , 3        , 0.001                    
 176       , 784       , 16       , 0.001                    
 751       , 443       , 1        , 0.001                    
 55        , 285       , 5        , 0.0                      
 809       , 491       , 1        , 0.001                    
 187       , 406       , 1        , 0.001                    
 932       , 491       , 1        , 0.001                    
 982       , 521       , 1        , 0.002                    
 510       , 251       , 1        , 0.001                    
 295       , 998       , 1        , 0.001                    
 424       , 861       , 1        , 0.001                    
 608       , 941       , 1        , 0.001                    
 293       , 936       , 1        , 0.001                    
 111       , 468       , 3        , 0.001                    
 880       , 969       , 1        , 0.001                    
 407       , 362       , 1        , 0.0                      
 320       , 193       , 1        , 0.001                    
 698       , 889       , 1        , 0.001                    
 829       , 228       , 1        , 0.001                    
 474       , 526       , 2        , 0.001                    
 307       , 18        , 1        , 0.001                    
 200       , 90        , 10       , 0.001                    
 480       , 314       , 2        , 0.001                    
 43        , 340       , 1        , 0.001                    
 634       , 927       , 1        , 0.001                    
 497       , 955       , 1        , 0.001                    
 362       , 704       , 2        , 0.001                    
 197       , 285       , 1        , 0.001                    
 896       , 257       , 1        , 0.0                      
 16        , 498       , 2        , 0.001                    
 221       , 538       , 1        , 0.001                    
 755       , 30        , 5        , 0.0                      
 771       , 50        , 1        , 0.001                    
 558       , 290       , 2        , 0.001                    
 526       , 18        , 2        , 0.001                    
 442       , 898       , 2        , 0.001                    
 670       , 881       , 1        , 0.001                    
 241       , 514       , 1        , 0.001                    
 110       , 763       , 1        , 0.001                    
 148       , 976       , 4        , 0.001                    
 685       , 997       , 1        , 0.001                    
 69        , 26        , 1        , 0.0                      
 217       , 678       , 1        , 0.001                    
 447       , 733       , 1        , 0.001                    
 183       , 442       , 1        , 0.001                    
 15        , 795       , 15       , 0.0                      
 152       , 155       , 1        , 0.001                    
 870       , 844       , 2        , 0.001                    
 965       , 844       , 1        , 0.0                      
 375       , 857       , 1        , 0.001                    
 109       , 676       , 1        , 0.001                    
 470       , 551       , 1        , 0.001                    
 743       , 983       , 1        , 0.0                      
 145       , 577       , 1        , 0.001                    
 478       , 521       , 1        , 0.001                    
 939       , 990       , 3        , 0.001                    
 649       , 62        , 1        , 0.001                    
 707       , 528       , 1        , 0.001                    
 788       , 619       , 1        , 0.001                    
 703       , 933       , 1        , 0.001                    
 557       , 685       , 1        , 0.001                    
 9         , 779       , 1        , 0.0                      
 885       , 646       , 1        , 0.001                    
 860       , 856       , 4        , 0.001                    
 94        , 832       , 2        , 0.0                      
 624       , 216       , 24       , 0.001                    
 537       , 133       , 1        , 0.001                    
 433       , 694       , 1        , 0.001                    
 931       , 440       , 1        , 0.001                    
 353       , 134       , 1        , 0.001                    
 677       , 202       , 1        , 0.001                    
 262       , 119       , 1        , 0.001                    
 222       , 240       , 6        , 0.001                    
 726       , 374       , 22       , 0.0                      
 505       , 569       , 1        , 0.001                    
 800       , 458       , 2        , 0.001                    
 409       , 773       , 1        , 0.001                    
 685       , 148       , 1        , 0.001                    
 753       , 825       , 3        , 0.001                    
 188       , 325       , 1        , 0.001                    
